"Name","Review"
"Trang Nguyá»…n","MÃ¬nh má»Ÿ tÃ i khoáº£n hÃ´m nay. PGD Ä‘áº¹p vÃ  sáº¡ch sáº½. NhÃ¢n viÃªn phá»¥c vá»¥ chu Ä‘Ã¡o, nhanh chÃ³ng. KhuyÃªn má»i ngÆ°á»i Ä‘i lÃºc Ä‘áº§u giá» sÃ¡ng hoáº·c Ä‘áº§u giá» chiá»u sáº½ khÃ´ng pháº£i Ä‘á»£i lÃ¢u. Gáº§n cá»­a cÃ³ cÃ¢y láº¥y sá»‘, má»i ngÆ°á»i chá»n dá»‹ch vá»¥ rá»“i ngá»“i gháº¿ Ä‘á»£i Ä‘á»c sá»‘ gá»i vÃ o quáº§y tÆ°Æ¡ng á»©ng lÃ  Ä‘Æ°á»£c."
"Truongphat Cooling Tower","Trá»¥ sá»Ÿ chÃ­nh cá»§a chi nhÃ¡nh TÃ¢y HÃ  Ná»™i, diá»‡n tÃ­ch rá»™ng rÃ£i sáº¡ch Ä‘áº¹p, ngay máº·t Ä‘Æ°á»ng ráº¥t tiá»‡n lá»£i. LÆ°á»£ng khÃ¡ch khÃ´ng quÃ¡ Ä‘Ã´ng"
"Hiáº¿u Chu","LÃ m Äƒn nhÆ° kiá»ƒu bá»‘ Ä‘á»i.
Xuá»‘ng lÃ m cho cÃ´ng ty  10h má»›i tá»›i lÃ m tá»›i 11h xong 13h lÃ m tá»›i 14h báº£o háº¿t giá». â€¦"
"MSN official","nhÃ¢n viÃªn phá»¥c vá»¥ chuyÃªn nghiá»‡p nhÆ°ng Ä‘Ã´ng , khÃ¡ch pháº£i Ä‘á»£i quÃ¡ lÃ¢u Ä‘á»ƒ Ä‘Æ°á»£c xá»­ lÃ­"
"Nguyá»…n TÃº (FUDO)","tÃ¡c phong nhÃ¢n viÃªn lÃ m viá»‡c ráº¥t tá»‘t. nhÆ°ng cÃ¡i vÃ¡ch  kÃ­nh cháº¯n Ã¢m nÃªn khÃ´ng nghe rÃµ láº¯m."
"Quang Linh Nguyá»…n","NgÃ¢n hÃ ng tá»‘t, giao dá»‹ch nhanh, tks"
"Ly Lee","Tráº£i nghiá»‡m tá»‡. Trá»i mÆ°a vá»«a dá»«ng Ä‘Æ°á»£c xe xuá»‘ng thÃ¬ báº£o vá»‡ Ä‘uá»•i khÃ´ng cho vÃ o. RÃµ rÃ ng chÆ°a háº¿t giá» hÃ nh chÃ­nh. LÃ m Äƒn kiá»ƒu nÃ y báº£o sao máº¥t háº¿t khÃ¡ch áº¡"
"SÆ¡n VÅ©","Tráº£i nghiá»‡m dá»‹ch vá»¥ khÃ¡ch hÃ ng doanh nghiá»‡p lÃ m báº£o lÃ£nh ráº¥t tá»‡. NhÃ¢n viÃªn báº£o lÃ£nh L.T. Máº¡nh ká»¹ nÄƒng kÃ©m, khÃ´ng cÃ³ trÃ¡ch nhiá»‡m giáº£i quyáº¿t váº¥n Ä‘á» cá»§a khÃ¡ch hÃ ng, khÃ´ng cÃ³ tinh tháº§n há»£p tÃ¡c lÃ m áº£nh hÆ°á»Ÿng Ä‘áº¿n cÃ´ng viá»‡c vÃ  lá»£i Ã­ch cá»§a khÃ¡ch hÃ ng."
"Sun A","Gá»i yÃªu cáº§u há»— trá»£ mÃ  KH há»i rá»“i ko nÃ³i gÃ¬, Ä‘á»ƒ Ä‘t Ä‘Ã³ rá»“i táº¯t, Ã­t ra tráº£ lá»i cÃ³ há»— trá»£ Ä‘c hay ko, Ä‘Ã¢y ko chuyÃªn nghiá»‡p"
"Huong Tran","MÃ¬nh muá»‘n nÃ³i lÃ  mÃ¬nh ráº¥t tháº¥t vá»ng vá» dá»‹ch vá»¥ vÃ  thÃ¡i Ä‘á»™ phá»¥c vá»¥ cá»§a nhÃ¢n viÃªn ngÃ¢n hÃ ng VCB cÆ¡ sá»Ÿ tá»‘ há»¯u HH03, Tá»‘ Há»¯u, Váº¡n PhÃºc, HÃ  Ä‘Ã´ng, HÃ  ná»™i.
Chiá»u nay ngÃ y 18.3.2021, lÃºc 15-16h, mÃ¬nh tá»›i láº¥y tháº» ATM vÃ  tháº» visa debit sau â€¦"
"",""
"",""
"Mi Mina","Chi nhÃ¡nh ngÃ¢n hÃ ng ngoáº¡i thÆ°Æ¡ng Viá»‡t Nam Vietcombank chi nhÃ¡nh TÃ¢y HÃ€ Ná»™i á»Ÿ LÃ´ HH03 Ä‘Æ°á»ng Tá»‘ Há»¯u, phÆ°á»ng Váº¡n PhÃºc, quáº­n HÃ€ ÄÃ´ng, HÃ  Ná»™i. Má»Ÿ cá»­a Ä‘Ãºng giá», nhÃ¢n viÃªn nghiá»‡p vá»¥ khÃ¡ vá»¯ng, giao dá»‹ch khÃ´ng nhanh, nÃªn Ä‘áº¿n sá»›m Ä‘á»ƒ thá»±c hiá»‡n"
"Phuc Hcv (Phuc Vigor)","Ráº¥t lÃ  rá»™ng vÃ  sáº¡ch. NhÃ¢n viÃªn táº¡m Ä‘c. NÃªn láº¥y sá»‘ thá»© tá»± Ä‘á»ƒ gá»i vÃ o thÃ¬ tá»‘t hÆ¡n"
"CÃ¢y Cáº£nh Online","ToÃ  nhÃ  ráº¥t cao. NgÃ¢n hÃ ng nhiá»u tiá»n"
"Tháº£o LÃª","NhÃ¢n viÃªn niá»m ná»Ÿ, nhiá»‡t tÃ¬nh, chuyÃªn nghiá»‡p, ráº¥t hÃ i lÃ²ng."
"NGá»ŒC LÃŠ","ÄÃ´ng quÃ¡"
"Trang Nguyá»…n Thá»‹","ThÃ¡i Ä‘á»™ tá»‘t, giao dá»‹ch nhanh, ráº¥t cáº©n tháº­n"
"Mjolnir Mino","Nv phá»¥c vá»¥ tá»‘t ğŸ‘ğŸ‘ â€¦"
"Tuan Nguyen","CÆ¡ sá»Ÿ váº­t cháº¥t tá»‘i, nhÃ¢n viÃªn phá»¥c vá»¥ niá»m ná»Ÿ, chuyÃªn nghiá»‡p"
"phuong h","nhá» nhÃ¢n viÃªn cÃ i banking thÃ¬ ko cÃ i, gá»i Ä‘iá»‡n cho cskh há»— trá»£ tÆ° váº¥n, nhÃ¢n viÃªn tÆ° váº¥n giá»¥c giÃ£ Ä‘á»ƒ táº¯t cuá»™c gá»i"
"Tuyáº¿t Trá»‹nh","KhÃ´ng gian rá»™ng rÃ£i, hiá»‡n Ä‘áº¡i, nhÃ¢n viÃªn thÃ¢n thiá»‡n, nhiá»‡t tÃ¬nh ğŸ‘ğŸ‘ğŸ‘ â€¦"
"Chef Bomboo","Vá»‹ trÃ­ thuáº­n lá»£i"
"Tuan Pham","NgÃ¢n hÃ ng khÃ´ng tiáº¿p nháº­n há»“ sÆ¡ Ä‘Äƒng kÃ½ má»Ÿ tÃ i khoáº£n? Láº¥y lÃ½ do Ä‘á»ƒ nghá»‰ sá»›m"
"Thep Gang","Chá»‰ troRá»i xa mÃ£i ....trong cÆ¡n mÆ°a ...ngÃ y áº¥y ...
ng mÆ¡ Æ°á»›c vá»ng Ä‘áº¿n má»™t láº§n."
"Khanh Phu Thai","ToÃ  nhÃ  hoÃ nh trÃ¡ng, Ä‘á»‹a Ä‘iá»ƒm dá»… tÃ¬m. Khu vÄƒn phÃ²ng sáº¡ch sáº½, Ä‘áº¹p Ä‘áº½."
"Luxe Home - Thiáº¿t Káº¿ NhÃ  Äáº¹p","nhÃ¢n viÃªn ráº¥t thÃ¢n thiá»‡n nhiá»‡t tÃ¬nh vÃ  chu Ä‘Ã¡o"
"LiÃªn Nguyá»…n","Gá»i Ä‘iá»‡n thoáº¡i ná»©t cáº£ mÃ¡y, sao khÃ´ng ai tráº£ lá»i."
"TrÆ°á»ng Gáº§y","ThÃ¡i Ä‘á»™ phá»¥c vá»¥ cá»§a nhÃ¢n viÃªn kÃ©m"
"mystery iris","Ä‘á»‹a Ä‘iá»ƒm thuáº­n lá»£i, nhÃ¢n viÃªn chuyÃªn nghiá»‡p"
"Pháº¡m Huáº¥n","Chi nhÃ¡nh to Ä‘áº¹p"
"Thanh Nguyá»…n Ngá»c","J vÃ o bá»¥ng vai vÃ  ngá»±c"
"Chung Nguyenngoc","Vá»‹ trÃ­ Ä‘áº¹p, rÃºt tiá»n qua tháº» ATM tiá»‡n lá»£i, tiá»n má»›i."
"An an","ThÃ¡i Ä‘á»™ nháº­n viÃªn khÃ´ng niá»m ná»Ÿ"
"Chung Kiá»u","ÄÃ£ thi tuyá»ƒn á»Ÿ Ä‘Ã¢y"
"Ha Hinto","it is a bit packed but staff are nice though"
"Hai Nguyen","Tá»‘t"
"Cherry Trang","Táº¡m á»•n vá» tÃ¡c phong"
"VÅ© Huy ThÃ¡i","Thá»§ tá»¥c nhanh chÃ³ng"
"Tuáº¥n Anh HoÃ ng","Sá»­ dá»¥ng tá»‘t."
"Äáº T Lá»€U","QuÃ¡ tá»“i"
"Tháº¿ Giá»›i ÄÃ¨n ChÃ¹m","dá»‹ch vá»¥ tá»‘t"
"bao bach","Báº£o máº­t Ä‘Ã³"
"vinh Hoang","ThÆ°á»ng khÃ¡ Ä‘Ã´ng"
"Viá»‡t Nguyá»…n","TÆ°Æ¡ng Ä‘á»‘i tá»‘t"
"Gá»— ITT Viá»‡t Nam (Gá»— ITT Viá»‡t Nam)","Good"
"Dung Cao Thá»‹ XuÃ¢n","ok"
"Phan Máº¡nh Doanh","OK"
"Háº¡nh VÅ© Official","Ok"
"Maria Sale GMEX","Ok"
"k tk","NhÃ¢n viÃªn báº£o vá»‡, nhÃ¢n viÃªn ngÃ¢n hÃ ng, má»i ngÆ°á»i Ä‘á»u cÃ³ thÃ¡i Ä‘á»™ tá»‘t. CÃ³ hiá»‡u quáº£."
"Cuong nguyen trung",""
"Minh Nguyen Tuan",""
"ninh kim van",""
"Mai Anh Nguyen",""
"Hoi Nguyen",""
"HiÃªÌ€n ÄÃ´Ìƒ",""
"Ho Lam",""
"Ha Dinh Manh",""
"ngoc thang Hoang",""
"Trung Nguyen",""
"Pháº¡m Quá»‘c ChÃ­nh (Kaiser Mobi)",""
"Nguyá»…n vÄƒn Long",""
"BVT_28 Vlogs",""
"Báº¯c VÆ°Æ¡ng NguyÃªn",""
"Duc Nguyen",""
"Minh Minh",""
"Quang Tiep Ha",""
"HÆ°ng Nguyá»…n",""
"dumplins momma",""
"Quá»³nh Mai",""